S_ID,Index_ID
8_30_2_1_46_1,0
8_30_2_21_41_1,1
8_30_2_17_8_1,2
8_30_2_22_11_1,3
8_30_2_19_27_1,4
8_30_2_1_10_1,5
8_30_2_4_9_1,6
8_30_2_20_8_1,7
8_30_2_12_6_1,8
8_30_2_21_8_1,9
8_30_2_13_5_1,10
8_30_2_4_8_1,11
8_30_2_1_9_1,12
8_30_2_1_54_1,13
8_30_2_22_35_1,14
8_30_2_21_22_1,15
8_30_2_22_44_1,16
8_30_2_11_9_1,17
8_30_2_3_11_1,18
8_30_2_10_4_1,19
8_30_2_2_21_1,20
8_30_2_11_3_1,21
8_30_2_12_18_1,22
8_30_2_13_10_1,23
8_30_2_14_18_1,24
8_30_2_22_55_1,25
8_30_2_20_9_1,26
8_30_2_4_10_1,27
8_30_2_1_44_1,28
8_30_2_20_10_1,29
8_30_2_2_23_1,30
8_30_2_3_9_1,31
8_30_2_22_45_1,32
8_30_2_1_12_1,33
8_30_2_10_5_1,34
8_30_2_1_45_1,35
8_30_2_11_10_1,36
8_30_2_14_20_1,37
8_30_2_9_3_1,38
8_30_2_22_22_1,39
8_30_2_3_10_1,40
8_30_2_10_11_1,41
8_30_2_21_11_1,42
8_30_2_2_10_1,43
8_30_2_1_11_1,44
8_30_2_2_22_1,45
8_30_2_12_11_1,46
8_30_2_12_15_1,47
8_30_2_18_17_1,48
8_30_2_3_29_1,49
8_30_2_11_6_1,50
8_30_2_21_9_1,51
8_30_2_21_10_1,52
8_30_2_19_10_1,53
8_30_2_22_23_1,54
8_30_2_3_20_1,55
8_30_2_10_3_1,56
8_30_2_21_42_1,57
8_30_2_12_14_1,58
8_30_2_10_2_1,59
8_30_2_11_5_1,60
8_30_2_19_8_1,61
8_30_2_3_21_1,62
8_30_2_21_23_1,63
8_30_2_2_9_1,64
8_30_2_19_9_1,65
8_30_2_12_13_1,66
8_30_2_22_36_1,67
8_30_2_2_11_1,68
8_30_2_3_19_1,69
8_30_2_12_17_1,70
8_30_2_21_31_1,71
8_30_2_1_55_1,72
8_30_2_19_18_1,73
8_30_2_2_20_1,74
8_30_2_19_19_1,75
8_30_2_9_4_1,76
8_30_2_12_9_1,77
8_30_2_18_8_1,78
8_30_2_3_38_1,79
8_30_2_11_8_1,80
8_30_2_12_10_1,81
8_30_2_11_4_1,82
8_30_2_9_5_1,83
8_30_2_2_8_1,84
8_30_2_3_30_1,85
8_30_2_18_9_1,86
8_30_2_1_8_1,87
8_30_2_2_12_1,88
8_30_2_22_10_1,89
8_30_2_22_24_1,90
8_30_2_12_16_1,91
8_30_2_9_2_1,92
8_30_2_2_32_1,93
8_30_2_10_7_1,94
8_30_2_14_11_1,95
8_30_2_22_21_1,96
8_30_2_10_9_1,97
8_30_2_1_22_1,98
8_30_2_1_34_1,99
8_30_2_20_30_1,100
8_30_2_21_33_1,101
8_30_2_13_14_1,102
8_30_2_3_8_1,103
8_30_2_13_17_1,104
8_30_2_2_42_1,105
8_30_2_11_14_1,106
8_30_2_1_25_1,107
8_30_2_12_4_1,108
8_30_2_20_19_1,109
8_30_2_4_19_1,110
8_30_2_9_1_1,111
8_30_2_11_13_1,112
8_30_2_21_12_1,113
8_30_2_22_54_1,114
8_30_2_21_20_1,115
8_30_2_22_12_1,116
8_30_2_1_33_1,117
8_30_2_1_23_1,118
8_30_2_5_17_1,119
8_30_2_13_20_1,120
8_30_2_20_21_1,121
8_30_2_20_20_1,122
8_30_2_4_27_1,123
8_30_2_22_9_1,124
8_30_2_2_33_1,125
8_30_2_11_15_1,126
8_30_2_5_8_1,127
8_30_2_22_46_1,128
8_30_2_13_15_1,129
8_30_2_2_50_1,130
8_30_2_10_8_1,131
8_30_2_10_10_1,132
8_30_2_22_25_1,133
8_30_2_4_18_1,134
8_30_2_22_34_1,135
8_30_2_2_41_1,136
8_30_2_20_11_1,137
8_30_2_2_31_1,138
8_30_2_14_15_1,139
8_30_2_13_11_1,140
8_30_2_20_38_1,141
8_30_2_11_11_1,142
8_30_2_12_5_1,143
8_30_2_21_50_1,144
8_30_2_21_21_1,145
8_30_2_1_36_1,146
8_30_2_13_18_1,147
8_30_2_5_9_1,148
8_30_2_13_6_1,149
8_30_2_22_33_1,150
8_30_2_1_24_1,151
8_30_2_1_21_1,152
8_30_2_10_6_1,153
8_30_2_13_19_1,154
8_30_2_20_29_1,155
8_30_2_11_12_1,156
8_30_2_1_35_1,157
8_30_2_21_32_1,158
8_30_2_2_41_13,159
8_30_2_10_2_13,160
8_30_2_3_19_13,161
8_30_2_2_42_13,162
8_30_2_22_23_13,163
8_30_2_3_20_13,164
8_30_2_2_11_13,165
8_30_2_2_33_13,166
8_30_2_13_18_13,167
8_30_2_13_17_13,168
8_30_2_22_25_13,169
8_30_2_12_15_13,170
8_30_2_21_50_13,171
8_30_2_13_19_13,172
8_30_2_12_14_13,173
8_30_2_18_17_13,174
8_30_2_18_9_13,175
8_30_2_21_9_13,176
8_30_2_22_35_13,177
8_30_2_2_10_13,178
8_30_2_11_4_13,179
8_30_2_21_22_13,180
8_30_2_10_7_13,181
8_30_2_10_8_13,182
8_30_2_10_4_13,183
8_30_2_22_24_13,184
8_30_2_22_9_13,185
8_30_2_13_5_13,186
8_30_2_21_20_13,187
8_30_2_21_11_13,188
8_30_2_2_21_13,189
8_30_2_3_10_13,190
8_30_2_14_20_13,191
8_30_2_21_21_13,192
8_30_2_22_34_13,193
8_30_2_2_23_13,194
8_30_2_10_10_13,195
8_30_2_14_15_13,196
8_30_2_10_5_13,197
8_30_2_13_10_13,198
8_30_2_2_22_13,199
8_30_2_3_8_13,200
8_30_2_13_11_13,201
8_30_2_14_18_13,202
8_30_2_3_9_13,203
8_30_2_13_6_13,204
8_30_2_10_11_13,205
8_30_2_3_11_13,206
8_30_2_11_3_13,207
8_30_2_12_17_13,208
8_30_2_22_33_13,209
8_30_2_13_20_13,210
8_30_2_2_12_13,211
8_30_2_2_32_13,212
8_30_2_13_15_13,213
8_30_2_12_16_13,214
8_30_2_18_8_13,215
8_30_2_10_3_13,216
8_30_2_12_18_13,217
8_30_2_10_9_13,218
8_30_2_2_31_13,219
8_30_2_21_42_13,220
8_30_2_14_11_13,221
8_30_2_2_50_13,222
8_30_2_2_20_13,223
8_30_2_10_6_13,224
8_30_2_17_8_13,225
8_30_2_21_10_13,226
8_30_2_13_14_13,227
8_30_2_1_45_13,228
8_30_2_5_17_13,229
8_30_2_22_44_13,230
8_30_2_19_27_13,231
8_30_2_4_8_13,232
8_30_2_1_22_13,233
8_30_2_11_12_13,234
8_30_2_20_8_13,235
8_30_2_20_38_13,236
8_30_2_1_10_13,237
8_30_2_4_9_13,238
8_30_2_1_33_13,239
8_30_2_20_20_13,240
8_30_2_19_19_13,241
8_30_2_1_46_13,242
8_30_2_22_55_13,243
8_30_2_22_22_13,244
8_30_2_3_38_13,245
8_30_2_1_25_13,246
8_30_2_11_15_13,247
8_30_2_9_3_13,248
8_30_2_11_9_13,249
8_30_2_4_27_13,250
8_30_2_1_9_13,251
8_30_2_12_6_13,252
8_30_2_20_10_13,253
8_30_2_20_11_13,254
8_30_2_1_12_13,255
8_30_2_4_10_13,256
8_30_2_22_21_13,257
8_30_2_1_36_13,258
8_30_2_9_1_13,259
8_30_2_1_35_13,260
8_30_2_4_18_13,261
8_30_2_22_54_13,262
8_30_2_12_4_13,263
8_30_2_22_11_13,264
8_30_2_1_21_13,265
8_30_2_11_10_13,266
8_30_2_12_5_13,267
8_30_2_4_19_13,268
8_30_2_20_19_13,269
8_30_2_20_30_13,270
8_30_2_21_31_13,271
8_30_2_20_9_13,272
8_30_2_1_11_13,273
8_30_2_9_2_13,274
8_30_2_21_33_13,275
8_30_2_1_34_13,276
8_30_2_22_45_13,277
8_30_2_1_54_13,278
8_30_2_11_6_13,279
8_30_2_11_14_13,280
8_30_2_3_29_13,281
8_30_2_12_10_13,282
8_30_2_3_21_13,283
8_30_2_22_36_13,284
8_30_2_1_55_13,285
8_30_2_2_8_13,286
8_30_2_5_9_13,287
8_30_2_19_10_13,288
8_30_2_9_5_13,289
8_30_2_21_23_13,290
8_30_2_21_12_13,291
8_30_2_19_9_13,292
8_30_2_22_46_13,293
8_30_2_21_32_13,294
8_30_2_12_11_13,295
8_30_2_21_41_13,296
8_30_2_22_10_13,297
8_30_2_1_24_13,298
8_30_2_5_8_13,299
8_30_2_21_8_13,300
8_30_2_1_8_13,301
8_30_2_11_11_13,302
8_30_2_11_5_13,303
8_30_2_22_12_13,304
8_30_2_19_18_13,305
8_30_2_1_44_13,306
8_30_2_2_9_13,307
8_30_2_11_8_13,308
8_30_2_12_13_13,309
8_30_2_11_13_13,310
8_30_2_19_8_13,311
8_30_2_20_29_13,312
8_30_2_12_9_13,313
8_30_2_9_4_13,314
8_30_2_1_23_13,315
8_30_2_3_30_13,316
8_30_2_20_21_13,317
8_30_2_13_15_35,318
8_30_2_13_14_35,319
8_30_2_4_18_35,320
8_30_2_5_17_35,321
8_30_2_2_22_35,322
8_30_2_13_20_35,323
8_30_2_1_45_35,324
8_30_2_11_11_35,325
8_30_2_19_27_35,326
8_30_2_11_15_35,327
8_30_2_13_19_35,328
8_30_2_20_38_35,329
8_30_2_22_33_35,330
8_30_2_4_8_35,331
8_30_2_1_21_35,332
8_30_2_22_24_35,333
8_30_2_3_38_35,334
8_30_2_10_10_35,335
8_30_2_20_11_35,336
8_30_2_19_19_35,337
8_30_2_22_11_35,338
8_30_2_2_50_35,339
8_30_2_9_3_35,340
8_30_2_12_4_35,341
8_30_2_10_8_35,342
8_30_2_13_6_35,343
8_30_2_2_42_35,344
8_30_2_20_30_35,345
8_30_2_1_9_35,346
8_30_2_1_34_35,347
8_30_2_1_22_35,348
8_30_2_21_31_35,349
8_30_2_1_35_35,350
8_30_2_14_15_35,351
8_30_2_1_33_35,352
8_30_2_4_10_35,353
8_30_2_9_1_35,354
8_30_2_11_10_35,355
8_30_2_11_12_35,356
8_30_2_2_31_35,357
8_30_2_21_20_35,358
8_30_2_2_23_35,359
8_30_2_14_11_35,360
8_30_2_4_19_35,361
8_30_2_22_54_35,362
8_30_2_10_9_35,363
8_30_2_20_19_35,364
8_30_2_2_32_35,365
8_30_2_22_45_35,366
8_30_2_20_9_35,367
8_30_2_1_36_35,368
8_30_2_1_11_35,369
8_30_2_1_10_35,370
8_30_2_12_5_35,371
8_30_2_1_44_35,372
8_30_2_13_11_35,373
8_30_2_10_6_35,374
8_30_2_11_9_35,375
8_30_2_20_10_35,376
8_30_2_21_11_35,377
8_30_2_21_33_35,378
8_30_2_4_9_35,379
8_30_2_13_10_35,380
8_30_2_22_21_35,381
8_30_2_10_5_35,382
8_30_2_9_2_35,383
8_30_2_20_8_35,384
8_30_2_3_8_35,385
8_30_2_22_44_35,386
8_30_2_1_12_35,387
8_30_2_12_6_35,388
8_30_2_12_17_35,389
8_30_2_19_8_35,390
8_30_2_17_8_35,391
8_30_2_12_11_35,392
8_30_2_11_5_35,393
8_30_2_21_41_35,394
8_30_2_2_9_35,395
8_30_2_20_21_35,396
8_30_2_12_13_35,397
8_30_2_22_9_35,398
8_30_2_10_3_35,399
8_30_2_1_23_35,400
8_30_2_2_20_35,401
8_30_2_2_33_35,402
8_30_2_2_8_35,403
8_30_2_12_10_35,404
8_30_2_21_12_35,405
8_30_2_22_34_35,406
8_30_2_3_21_35,407
8_30_2_9_5_35,408
8_30_2_11_14_35,409
8_30_2_22_46_35,410
8_30_2_13_17_35,411
8_30_2_1_24_35,412
8_30_2_10_7_35,413
8_30_2_21_9_35,414
8_30_2_18_8_35,415
8_30_2_12_16_35,416
8_30_2_21_22_35,417
8_30_2_10_2_35,418
8_30_2_3_19_35,419
8_30_2_12_15_35,420
8_30_2_2_11_35,421
8_30_2_18_9_35,422
8_30_2_13_18_35,423
8_30_2_22_23_35,424
8_30_2_18_17_35,425
8_30_2_22_35_35,426
8_30_2_3_20_35,427
8_30_2_20_29_35,428
8_30_2_3_11_35,429
8_30_2_2_12_35,430
8_30_2_11_4_35,431
8_30_2_2_10_35,432
8_30_2_12_14_35,433
8_30_2_5_8_35,434
8_30_2_21_50_35,435
8_30_2_11_3_35,436
8_30_2_5_9_35,437
8_30_2_22_36_35,438
8_30_2_3_30_35,439
8_30_2_22_10_35,440
8_30_2_1_54_35,441
8_30_2_22_55_35,442
8_30_2_10_4_35,443
8_30_2_14_20_35,444
8_30_2_19_10_35,445
8_30_2_22_25_35,446
8_30_2_9_4_35,447
8_30_2_21_10_35,448
8_30_2_21_42_35,449
8_30_2_22_12_35,450
8_30_2_11_8_35,451
8_30_2_3_9_35,452
8_30_2_20_20_35,453
8_30_2_1_46_35,454
8_30_2_1_25_35,455
8_30_2_4_27_35,456
8_30_2_13_5_35,457
8_30_2_2_21_35,458
8_30_2_14_18_35,459
8_30_2_19_18_35,460
8_30_2_1_8_35,461
8_30_2_19_9_35,462
8_30_2_21_32_35,463
8_30_2_10_11_35,464
8_30_2_12_18_35,465
8_30_2_3_10_35,466
8_30_2_21_21_35,467
8_30_2_11_13_35,468
8_30_2_2_41_35,469
8_30_2_3_29_35,470
8_30_2_11_6_35,471
8_30_2_1_55_35,472
8_30_2_21_8_35,473
8_30_2_12_9_35,474
8_30_2_22_22_35,475
8_30_2_21_23_35,476
8_30_2_12_14_63,477
8_30_2_4_8_63,478
8_30_2_20_38_63,479
8_30_2_21_22_63,480
8_30_2_3_38_63,481
8_30_2_4_9_63,482
8_30_2_2_10_63,483
8_30_2_2_11_63,484
8_30_2_17_8_63,485
8_30_2_20_30_63,486
8_30_2_12_16_63,487
8_30_2_11_3_63,488
8_30_2_12_15_63,489
8_30_2_2_12_63,490
8_30_2_1_9_63,491
8_30_2_21_33_63,492
8_30_2_1_45_63,493
8_30_2_4_18_63,494
8_30_2_12_6_63,495
8_30_2_2_8_63,496
8_30_2_4_10_63,497
8_30_2_12_10_63,498
8_30_2_9_2_63,499
8_30_2_20_8_63,500
8_30_2_22_36_63,501
8_30_2_1_54_63,502
8_30_2_22_55_63,503
8_30_2_12_9_63,504
8_30_2_11_6_63,505
8_30_2_21_23_63,506
8_30_2_20_9_63,507
8_30_2_1_55_63,508
8_30_2_22_21_63,509
8_30_2_22_35_63,510
8_30_2_9_1_63,511
8_30_2_12_13_63,512
8_30_2_11_4_63,513
8_30_2_20_10_63,514
8_30_2_19_27_63,515
8_30_2_1_46_63,516
8_30_2_12_11_63,517
8_30_2_1_8_63,518
8_30_2_11_5_63,519
8_30_2_2_9_63,520
8_30_2_11_8_63,521
8_30_2_21_41_63,522
8_30_2_19_19_63,523
8_30_2_10_6_63,524
8_30_2_2_42_63,525
8_30_2_18_17_63,526
8_30_2_13_19_63,527
8_30_2_10_2_63,528
8_30_2_13_20_63,529
8_30_2_2_50_63,530
8_30_2_21_11_63,531
8_30_2_18_9_63,532
8_30_2_13_17_63,533
8_30_2_10_7_63,534
8_30_2_21_12_63,535
8_30_2_2_33_63,536
8_30_2_22_25_63,537
8_30_2_2_41_63,538
8_30_2_3_20_63,539
8_30_2_13_18_63,540
8_30_2_21_50_63,541
8_30_2_10_4_63,542
8_30_2_3_11_63,543
8_30_2_14_18_63,544
8_30_2_3_9_63,545
8_30_2_21_10_63,546
8_30_2_3_10_63,547
8_30_2_10_3_63,548
8_30_2_22_9_63,549
8_30_2_14_20_63,550
8_30_2_14_11_63,551
8_30_2_10_5_63,552
8_30_2_21_9_63,553
8_30_2_3_19_63,554
8_30_2_22_23_63,555
8_30_2_22_24_63,556
8_30_2_18_8_63,557
8_30_2_3_8_63,558
8_30_2_14_15_63,559
8_30_2_22_10_63,560
8_30_2_10_10_63,561
8_30_2_2_21_63,562
8_30_2_13_5_63,563
8_30_2_19_10_63,564
8_30_2_13_6_63,565
8_30_2_2_22_63,566
8_30_2_9_4_63,567
8_30_2_21_42_63,568
8_30_2_22_34_63,569
8_30_2_2_20_63,570
8_30_2_9_3_63,571
8_30_2_12_17_63,572
8_30_2_21_21_63,573
8_30_2_19_18_63,574
8_30_2_3_30_63,575
8_30_2_10_11_63,576
8_30_2_12_18_63,577
8_30_2_13_14_63,578
8_30_2_10_8_63,579
8_30_2_2_31_63,580
8_30_2_19_9_63,581
8_30_2_2_32_63,582
8_30_2_9_5_63,583
8_30_2_19_8_63,584
8_30_2_13_15_63,585
8_30_2_3_21_63,586
8_30_2_21_20_63,587
8_30_2_13_10_63,588
8_30_2_22_22_63,589
8_30_2_21_8_63,590
8_30_2_2_23_63,591
8_30_2_22_33_63,592
8_30_2_13_11_63,593
8_30_2_3_29_63,594
8_30_2_10_9_63,595
8_30_2_5_9_63,596
8_30_2_1_25_63,597
8_30_2_22_54_63,598
8_30_2_21_32_63,599
8_30_2_11_10_63,600
8_30_2_1_11_63,601
8_30_2_5_17_63,602
8_30_2_1_36_63,603
8_30_2_20_29_63,604
8_30_2_1_24_63,605
8_30_2_11_13_63,606
8_30_2_11_14_63,607
8_30_2_1_10_63,608
8_30_2_20_21_63,609
8_30_2_22_44_63,610
8_30_2_1_44_63,611
8_30_2_22_46_63,612
8_30_2_1_12_63,613
8_30_2_11_11_63,614
8_30_2_12_4_63,615
8_30_2_21_31_63,616
8_30_2_22_12_63,617
8_30_2_1_34_63,618
8_30_2_1_21_63,619
8_30_2_11_15_63,620
8_30_2_4_27_63,621
8_30_2_22_11_63,622
8_30_2_4_19_63,623
8_30_2_1_22_63,624
8_30_2_20_19_63,625
8_30_2_1_33_63,626
8_30_2_1_35_63,627
8_30_2_22_45_63,628
8_30_2_11_12_63,629
8_30_2_5_8_63,630
8_30_2_11_9_63,631
8_30_2_20_20_63,632
8_30_2_12_5_63,633
8_30_2_20_11_63,634
8_30_2_1_23_63,635
10_30_2_4_13_13,636
10_30_2_27_13_13,637
10_30_2_2_83_13,638
10_30_2_18_59_13,639
10_30_2_27_31_13,640
10_30_2_23_9_13,641
10_30_2_26_72_13,642
10_30_2_23_25_13,643
10_30_2_5_29_13,644
10_30_2_23_13_13,645
10_30_2_23_11_13,646
10_30_2_26_74_13,647
10_30_2_2_13_13,648
10_30_2_23_12_13,649
10_30_2_2_70_13,650
10_30_2_5_27_13,651
10_30_2_23_23_13,652
10_30_2_23_10_13,653
10_30_2_23_24_13,654
10_30_2_5_26_13,655
10_30_2_27_30_13,656
10_30_2_26_73_13,657
10_30_2_5_28_13,658
10_30_2_2_31_13,659
10_30_2_5_45_13,660
10_30_2_4_10_13,661
10_30_2_17_45_13,662
10_30_2_1_90_13,663
10_30_2_27_75_13,664
10_30_2_27_64_13,665
10_30_2_17_48_13,666
10_30_2_1_91_13,667
10_30_2_17_47_13,668
10_30_2_27_63_13,669
10_30_2_17_46_13,670
10_30_2_3_83_13,671
10_30_2_16_56_13,672
10_30_2_27_77_13,673
10_30_2_5_57_13,674
10_30_2_16_55_13,675
10_30_2_5_46_13,676
10_30_2_1_89_13,677
10_30_2_27_76_13,678
10_30_2_2_85_13,679
10_30_2_16_57_13,680
10_30_2_16_58_13,681
10_30_2_17_49_13,682
10_30_2_17_59_13,683
10_30_2_27_47_13,684
10_30_2_4_12_13,685
10_30_2_17_58_13,686
10_30_2_2_12_13,687
10_30_2_5_42_13,688
10_30_2_18_58_13,689
10_30_2_5_30_13,690
10_30_2_18_57_13,691
10_30_2_18_56_13,692
10_30_2_27_46_13,693
10_30_2_5_43_13,694
10_30_2_17_56_13,695
10_30_2_27_62_13,696
10_30_2_5_44_13,697
10_30_2_17_55_13,698
10_30_2_4_11_13,699
10_30_2_16_54_13,700
10_30_2_27_48_13,701
10_30_2_27_61_13,702
10_30_2_17_57_13,703
10_30_2_2_84_13,704
10_30_2_24_53_13,705
10_30_2_4_76_13,706
10_30_2_4_47_13,707
10_30_2_25_69_13,708
10_30_2_24_52_13,709
10_30_2_24_63_13,710
10_30_2_4_75_13,711
10_30_2_25_11_13,712
10_30_2_25_68_13,713
10_30_2_24_64_13,714
10_30_2_2_51_13,715
10_30_2_4_46_13,716
10_30_2_26_13_13,717
10_30_2_24_41_13,718
10_30_2_26_28_13,719
10_30_2_4_44_13,720
10_30_2_24_40_13,721
10_30_2_4_45_13,722
10_30_2_24_51_13,723
10_30_2_2_67_13,724
10_30_2_4_77_13,725
10_30_2_2_50_13,726
10_30_2_26_12_13,727
10_30_2_4_62_13,728
10_30_2_25_41_13,729
10_30_2_25_55_13,730
10_30_2_25_29_13,731
10_30_2_25_40_13,732
10_30_2_25_42_13,733
10_30_2_25_44_13,734
10_30_2_25_54_13,735
10_30_2_4_48_13,736
10_30_2_4_61_13,737
10_30_2_25_43_13,738
10_30_2_4_63_13,739
10_30_2_25_13_13,740
10_30_2_25_57_13,741
10_30_2_4_64_13,742
10_30_2_25_12_13,743
10_30_2_25_67_13,744
10_30_2_25_26_13,745
10_30_2_25_27_13,746
10_30_2_25_28_13,747
10_30_2_2_52_13,748
10_30_2_25_56_13,749
10_30_2_2_66_13,750
10_30_2_24_39_13,751
10_30_2_23_59_13,752
10_30_2_26_59_13,753
10_30_2_26_60_13,754
10_30_2_23_48_13,755
10_30_2_23_49_13,756
10_30_2_24_10_13,757
10_30_2_24_12_13,758
10_30_2_26_58_13,759
10_30_2_4_29_13,760
10_30_2_24_11_13,761
10_30_2_5_11_13,762
10_30_2_2_32_13,763
10_30_2_23_26_13,764
10_30_2_23_36_13,765
10_30_2_26_71_13,766
10_30_2_2_69_13,767
10_30_2_4_27_13,768
10_30_2_23_37_13,769
10_30_2_26_61_13,770
10_30_2_4_28_13,771
10_30_2_5_12_13,772
10_30_2_5_13_13,773
10_30_2_23_38_13,774
10_30_2_26_30_13,775
10_30_2_4_79_13,776
10_30_2_26_43_13,777
10_30_2_24_26_13,778
10_30_2_24_27_13,779
10_30_2_24_28_13,780
10_30_2_26_29_13,781
10_30_2_4_78_13,782
10_30_2_2_49_13,783
10_30_2_2_68_13,784
10_30_2_24_38_13,785
10_30_2_5_9_13,786
10_30_2_5_10_13,787
10_30_2_2_33_13,788
10_30_2_24_13_13,789
10_30_2_26_57_13,790
10_30_2_4_30_13,791
10_30_2_26_46_13,792
10_30_2_26_44_13,793
10_30_2_24_25_13,794
10_30_2_26_45_13,795
10_30_2_4_31_13,796
10_30_2_24_24_13,797
10_30_2_27_78_13,798
10_30_2_1_54_13,799
10_30_2_14_44_13,800
10_30_2_14_43_13,801
10_30_2_12_8_13,802
10_30_2_3_12_13,803
10_30_2_14_46_13,804
10_30_2_14_52_13,805
10_30_2_14_45_13,806
10_30_2_3_63_13,807
10_30_2_12_7_13,808
10_30_2_14_42_13,809
10_30_2_1_53_13,810
10_30_2_12_20_13,811
10_30_2_14_32_13,812
10_30_2_3_29_13,813
10_30_2_14_31_13,814
10_30_2_14_35_13,815
10_30_2_3_13_13,816
10_30_2_12_19_13,817
10_30_2_14_33_13,818
10_30_2_14_34_13,819
10_30_2_15_22_13,820
10_30_2_30_73_13,821
10_30_2_3_65_13,822
10_30_2_11_20_13,823
10_30_2_30_90_13,824
10_30_2_29_86_13,825
10_30_2_3_66_13,826
10_30_2_15_24_13,827
10_30_2_15_23_13,828
10_30_2_29_87_13,829
10_30_2_15_21_13,830
10_30_2_3_11_13,831
10_30_2_14_55_13,832
10_30_2_12_6_13,833
10_30_2_14_53_13,834
10_30_2_14_54_13,835
10_30_2_3_64_13,836
10_30_2_30_91_13,837
10_30_2_15_20_13,838
10_30_2_14_56_13,839
10_30_2_1_70_13,840
10_30_2_12_21_13,841
10_30_2_3_48_13,842
10_30_2_13_7_13,843
10_30_2_13_34_13,844
10_30_2_13_8_13,845
10_30_2_13_33_13,846
10_30_2_3_32_13,847
10_30_2_13_6_13,848
10_30_2_13_44_13,849
10_30_2_13_42_13,850
10_30_2_13_43_13,851
10_30_2_13_32_13,852
10_30_2_13_21_13,853
10_30_2_1_13_13,854
10_30_2_13_20_13,855
10_30_2_16_46_13,856
10_30_2_3_47_13,857
10_30_2_13_31_13,858
10_30_2_13_9_13,859
10_30_2_13_22_13,860
10_30_2_13_19_13,861
10_30_2_3_46_13,862
10_30_2_14_21_13,863
10_30_2_14_22_13,864
10_30_2_1_34_13,865
10_30_2_3_31_13,866
10_30_2_14_20_13,867
10_30_2_3_30_13,868
10_30_2_1_52_13,869
10_30_2_3_50_13,870
10_30_2_12_31_13,871
10_30_2_14_23_13,872
10_30_2_12_32_13,873
10_30_2_14_7_13,874
10_30_2_1_33_13,875
10_30_2_14_6_13,876
10_30_2_13_45_13,877
10_30_2_3_49_13,878
10_30_2_14_10_13,879
10_30_2_14_19_13,880
10_30_2_12_33_13,881
10_30_2_14_8_13,882
10_30_2_14_9_13,883
10_30_2_1_73_13,884
10_30_2_15_53_13,885
10_30_2_28_83_13,886
10_30_2_28_82_13,887
10_30_2_15_54_13,888
10_30_2_28_81_13,889
10_30_2_16_36_13,890
10_30_2_5_73_13,891
10_30_2_16_37_13,892
10_30_2_16_45_13,893
10_30_2_3_67_13,894
10_30_2_3_80_13,895
10_30_2_15_45_13,896
10_30_2_5_60_13,897
10_30_2_15_47_13,898
10_30_2_16_44_13,899
10_30_2_15_46_13,900
10_30_2_28_50_13,901
10_30_2_5_71_13,902
10_30_2_16_34_13,903
10_30_2_28_65_13,904
10_30_2_5_61_13,905
10_30_2_1_87_13,906
10_30_2_15_57_13,907
10_30_2_16_33_13,908
10_30_2_15_56_13,909
10_30_2_3_79_13,910
10_30_2_28_80_13,911
10_30_2_28_49_13,912
10_30_2_15_55_13,913
10_30_2_28_66_13,914
10_30_2_16_35_13,915
10_30_2_2_86_13,916
10_30_2_28_67_13,917
10_30_2_5_74_13,918
10_30_2_4_60_13,919
10_30_2_1_71_13,920
10_30_2_16_48_13,921
10_30_2_3_82_13,922
10_30_2_29_52_13,923
10_30_2_15_34_13,924
10_30_2_15_36_13,925
10_30_2_11_6_13,926
10_30_2_5_58_13,927
10_30_2_29_70_13,928
10_30_2_11_7_13,929
10_30_2_29_85_13,930
10_30_2_15_35_13,931
10_30_2_2_87_13,932
10_30_2_29_69_13,933
10_30_2_1_88_13,934
10_30_2_16_47_13,935
10_30_2_15_33_13,936
10_30_2_5_72_13,937
10_30_2_28_32_13,938
10_30_2_11_19_13,939
10_30_2_5_59_13,940
10_30_2_15_44_13,941
10_30_2_15_32_13,942
10_30_2_27_79_13,943
10_30_2_1_72_13,944
10_30_2_15_43_13,945
10_30_2_3_81_13,946
10_30_2_10_6_13,947
6.5_30_1_14_4_51,948
6.5_30_1_15_2_51,949
6.5_30_1_1_5_51,950
6.5_30_1_14_5_51,951
6.5_30_1_3_4_51,952
6.5_30_1_13_4_51,953
6.5_30_1_3_5_51,954
6.5_30_1_14_1_51,955
6.5_30_1_1_4_51,956
6.5_30_1_14_3_51,957
6.5_30_1_14_2_51,958
6.5_30_1_2_1_51,959
6.5_30_1_3_1_51,960
6.5_30_1_16_5_51,961
6.5_30_1_2_5_51,962
6.5_30_1_2_3_51,963
6.5_30_1_2_2_51,964
6.5_30_1_2_4_51,965
6.5_30_1_3_2_51,966
6.5_30_1_3_3_51,967
6.5_30_1_15_3_51,968
6.5_30_1_15_4_51,969
6.5_30_1_16_4_51,970
6.5_30_1_16_3_51,971
6.5_30_1_15_5_51,972
6.5_30_1_11_1_51,973
6.5_30_1_1_1_51,974
6.5_30_1_4_1_51,975
6.5_30_1_12_1_51,976
6.5_30_1_4_2_51,977
6.5_30_1_10_1_51,978
6.5_30_1_4_4_51,979
6.5_30_1_4_3_51,980
6.5_30_1_5_1_51,981
6.5_30_1_5_3_51,982
6.5_30_1_5_2_51,983
6.5_30_1_12_2_51,984
6.5_30_1_13_3_51,985
6.5_30_1_13_1_51,986
6.5_30_1_1_2_51,987
6.5_30_1_1_3_51,988
6.5_30_1_12_3_51,989
6.5_30_1_13_2_51,990
6.5_30_1_11_2_51,991
10_30_2_3_11_1,992
10_30_2_1_52_1,993
10_30_2_5_27_1,994
10_30_2_3_66_1,995
10_30_2_2_12_1,996
10_30_2_12_33_1,997
10_30_2_3_49_1,998
10_30_2_3_65_1,999
10_30_2_12_32_1,1000
10_30_2_5_59_1,1001
10_30_2_1_34_1,1002
10_30_2_12_31_1,1003
10_30_2_5_74_1,1004
10_30_2_5_26_1,1005
10_30_2_3_79_1,1006
10_30_2_13_8_1,1007
10_30_2_5_13_1,1008
10_30_2_5_60_1,1009
10_30_2_3_48_1,1010
10_30_2_5_45_1,1011
10_30_2_13_20_1,1012
10_30_2_3_47_1,1013
10_30_2_3_67_1,1014
10_30_2_2_87_1,1015
10_30_2_2_32_1,1016
10_30_2_5_58_1,1017
10_30_2_5_30_1,1018
10_30_2_1_89_1,1019
10_30_2_3_31_1,1020
10_30_2_2_13_1,1021
10_30_2_13_9_1,1022
10_30_2_3_30_1,1023
10_30_2_5_43_1,1024
10_30_2_1_91_1,1025
10_30_2_5_42_1,1026
10_30_2_3_50_1,1027
10_30_2_13_7_1,1028
10_30_2_5_46_1,1029
10_30_2_3_32_1,1030
10_30_2_1_90_1,1031
10_30_2_3_64_1,1032
10_30_2_5_28_1,1033
10_30_2_13_19_1,1034
10_30_2_3_46_1,1035
10_30_2_2_31_1,1036
10_30_2_13_6_1,1037
10_30_2_3_12_1,1038
10_30_2_3_29_1,1039
10_30_2_1_33_1,1040
10_30_2_5_44_1,1041
10_30_2_3_13_1,1042
10_30_2_3_63_1,1043
10_30_2_5_29_1,1044
10_30_2_5_57_1,1045
10_30_2_1_53_1,1046
10_30_2_4_46_1,1047
10_30_2_11_19_1,1048
10_30_2_4_77_1,1049
10_30_2_4_45_1,1050
10_30_2_4_47_1,1051
10_30_2_5_73_1,1052
10_30_2_2_68_1,1053
10_30_2_2_67_1,1054
10_30_2_11_20_1,1055
10_30_2_4_31_1,1056
10_30_2_4_78_1,1057
10_30_2_12_6_1,1058
10_30_2_4_30_1,1059
10_30_2_2_50_1,1060
10_30_2_4_44_1,1061
10_30_2_5_72_1,1062
10_30_2_1_71_1,1063
10_30_2_10_6_1,1064
10_30_2_1_73_1,1065
10_30_2_1_72_1,1066
10_30_2_1_87_1,1067
10_30_2_2_52_1,1068
10_30_2_4_64_1,1069
10_30_2_4_75_1,1070
10_30_2_4_63_1,1071
10_30_2_4_62_1,1072
10_30_2_2_51_1,1073
10_30_2_11_7_1,1074
10_30_2_4_76_1,1075
10_30_2_4_48_1,1076
10_30_2_2_66_1,1077
10_30_2_11_6_1,1078
10_30_2_4_60_1,1079
10_30_2_4_61_1,1080
10_30_2_3_83_1,1081
10_30_2_4_10_1,1082
10_30_2_12_19_1,1083
10_30_2_3_82_1,1084
10_30_2_2_85_1,1085
10_30_2_4_11_1,1086
10_30_2_12_8_1,1087
10_30_2_5_11_1,1088
10_30_2_2_86_1,1089
10_30_2_1_54_1,1090
10_30_2_3_80_1,1091
10_30_2_12_21_1,1092
10_30_2_5_12_1,1093
10_30_2_3_81_1,1094
10_30_2_2_33_1,1095
10_30_2_12_20_1,1096
10_30_2_1_88_1,1097
10_30_2_4_27_1,1098
10_30_2_2_70_1,1099
10_30_2_12_7_1,1100
10_30_2_4_79_1,1101
10_30_2_5_71_1,1102
10_30_2_4_29_1,1103
10_30_2_2_69_1,1104
10_30_2_4_28_1,1105
10_30_2_2_83_1,1106
10_30_2_4_12_1,1107
10_30_2_5_61_1,1108
10_30_2_5_10_1,1109
10_30_2_2_49_1,1110
10_30_2_5_9_1,1111
10_30_2_4_13_1,1112
10_30_2_1_70_1,1113
10_30_2_2_84_1,1114
10_30_2_25_13_1,1115
10_30_2_25_12_1,1116
10_30_2_25_11_1,1117
10_30_2_25_28_1,1118
10_30_2_25_27_1,1119
10_30_2_25_26_1,1120
10_30_2_24_64_1,1121
10_30_2_24_51_1,1122
10_30_2_24_41_1,1123
10_30_2_24_40_1,1124
10_30_2_24_63_1,1125
10_30_2_24_53_1,1126
10_30_2_24_52_1,1127
10_30_2_25_57_1,1128
10_30_2_25_56_1,1129
10_30_2_25_55_1,1130
10_30_2_25_69_1,1131
10_30_2_25_68_1,1132
10_30_2_25_67_1,1133
10_30_2_25_54_1,1134
10_30_2_25_41_1,1135
10_30_2_25_40_1,1136
10_30_2_25_29_1,1137
10_30_2_25_44_1,1138
10_30_2_25_43_1,1139
10_30_2_25_42_1,1140
10_30_2_23_36_1,1141
10_30_2_23_26_1,1142
10_30_2_23_25_1,1143
10_30_2_23_48_1,1144
10_30_2_23_38_1,1145
10_30_2_23_37_1,1146
10_30_2_23_24_1,1147
10_30_2_23_11_1,1148
10_30_2_23_10_1,1149
10_30_2_23_9_1,1150
10_30_2_23_23_1,1151
10_30_2_23_13_1,1152
10_30_2_23_12_1,1153
10_30_2_24_27_1,1154
10_30_2_24_26_1,1155
10_30_2_24_25_1,1156
10_30_2_24_39_1,1157
10_30_2_24_38_1,1158
10_30_2_24_28_1,1159
10_30_2_24_24_1,1160
10_30_2_24_10_1,1161
10_30_2_23_59_1,1162
10_30_2_23_49_1,1163
10_30_2_24_13_1,1164
10_30_2_24_12_1,1165
10_30_2_24_11_1,1166
10_30_2_26_12_1,1167
10_30_2_28_65_1,1168
10_30_2_28_50_1,1169
10_30_2_28_49_1,1170
10_30_2_28_80_1,1171
10_30_2_28_67_1,1172
10_30_2_28_66_1,1173
10_30_2_28_32_1,1174
10_30_2_27_76_1,1175
10_30_2_27_75_1,1176
10_30_2_27_64_1,1177
10_30_2_27_79_1,1178
10_30_2_27_78_1,1179
10_30_2_27_77_1,1180
10_30_2_29_87_1,1181
10_30_2_29_86_1,1182
10_30_2_29_85_1,1183
10_30_2_30_91_1,1184
10_30_2_30_90_1,1185
10_30_2_30_73_1,1186
10_30_2_29_70_1,1187
10_30_2_28_83_1,1188
10_30_2_28_82_1,1189
10_30_2_28_81_1,1190
10_30_2_29_69_1,1191
10_30_2_29_52_1,1192
10_30_2_1_13_1,1193
10_30_2_26_58_1,1194
10_30_2_26_57_1,1195
10_30_2_26_46_1,1196
10_30_2_26_61_1,1197
10_30_2_26_60_1,1198
10_30_2_26_59_1,1199
10_30_2_26_45_1,1200
10_30_2_26_29_1,1201
10_30_2_26_28_1,1202
10_30_2_26_13_1,1203
10_30_2_26_44_1,1204
10_30_2_26_43_1,1205
10_30_2_26_30_1,1206
10_30_2_27_48_1,1207
10_30_2_27_47_1,1208
10_30_2_27_46_1,1209
10_30_2_27_63_1,1210
10_30_2_27_62_1,1211
10_30_2_27_61_1,1212
10_30_2_27_31_1,1213
10_30_2_26_73_1,1214
10_30_2_26_72_1,1215
10_30_2_26_71_1,1216
10_30_2_27_30_1,1217
10_30_2_27_13_1,1218
10_30_2_26_74_1,1219
10_30_2_18_59_1,1220
10_30_2_14_56_1,1221
10_30_2_14_55_1,1222
10_30_2_14_54_1,1223
10_30_2_15_22_1,1224
10_30_2_15_21_1,1225
10_30_2_15_20_1,1226
10_30_2_14_45_1,1227
10_30_2_14_44_1,1228
10_30_2_14_43_1,1229
10_30_2_14_53_1,1230
10_30_2_14_52_1,1231
10_30_2_14_46_1,1232
10_30_2_15_23_1,1233
10_30_2_15_45_1,1234
10_30_2_15_44_1,1235
10_30_2_15_43_1,1236
10_30_2_15_53_1,1237
10_30_2_15_47_1,1238
10_30_2_15_46_1,1239
10_30_2_15_33_1,1240
10_30_2_15_32_1,1241
10_30_2_15_24_1,1242
10_30_2_15_36_1,1243
10_30_2_15_35_1,1244
10_30_2_15_34_1,1245
10_30_2_14_42_1,1246
10_30_2_13_44_1,1247
10_30_2_13_43_1,1248
10_30_2_13_42_1,1249
10_30_2_14_7_1,1250
10_30_2_14_6_1,1251
10_30_2_13_45_1,1252
10_30_2_13_31_1,1253
10_30_2_13_22_1,1254
10_30_2_13_21_1,1255
10_30_2_13_34_1,1256
10_30_2_13_33_1,1257
10_30_2_13_32_1,1258
10_30_2_14_8_1,1259
10_30_2_14_32_1,1260
10_30_2_14_31_1,1261
10_30_2_14_23_1,1262
10_30_2_14_35_1,1263
10_30_2_14_34_1,1264
10_30_2_14_33_1,1265
10_30_2_14_19_1,1266
10_30_2_14_10_1,1267
10_30_2_14_9_1,1268
10_30_2_14_22_1,1269
10_30_2_14_21_1,1270
10_30_2_14_20_1,1271
10_30_2_15_54_1,1272
10_30_2_17_59_1,1273
10_30_2_16_55_1,1274
10_30_2_16_57_1,1275
10_30_2_17_45_1,1276
10_30_2_16_58_1,1277
10_30_2_16_46_1,1278
10_30_2_16_45_1,1279
10_30_2_16_47_1,1280
10_30_2_16_54_1,1281
10_30_2_16_48_1,1282
10_30_2_17_46_1,1283
10_30_2_18_56_1,1284
10_30_2_18_57_1,1285
10_30_2_17_56_1,1286
10_30_2_17_58_1,1287
10_30_2_17_57_1,1288
10_30_2_17_48_1,1289
10_30_2_17_47_1,1290
10_30_2_17_49_1,1291
10_30_2_18_58_1,1292
10_30_2_17_55_1,1293
10_30_2_16_36_1,1294
10_30_2_16_33_1,1295
10_30_2_16_37_1,1296
10_30_2_16_34_1,1297
10_30_2_15_56_1,1298
10_30_2_16_35_1,1299
10_30_2_16_44_1,1300
10_30_2_16_56_1,1301
10_30_2_15_55_1,1302
10_30_2_15_57_1,1303
8_30_2_21_50_31,1304
8_30_2_22_9_31,1305
8_30_2_22_45_31,1306
8_30_2_22_21_31,1307
8_30_2_22_46_31,1308
8_30_2_21_23_31,1309
8_30_2_21_20_31,1310
8_30_2_22_34_31,1311
8_30_2_22_33_31,1312
8_30_2_22_12_31,1313
8_30_2_21_33_31,1314
8_30_2_21_8_31,1315
8_30_2_22_11_31,1316
8_30_2_22_55_31,1317
8_30_2_21_12_31,1318
8_30_2_22_44_31,1319
8_30_2_20_30_31,1320
8_30_2_21_10_31,1321
8_30_2_21_22_31,1322
8_30_2_22_23_31,1323
8_30_2_22_54_31,1324
8_30_2_22_24_31,1325
8_30_2_20_38_31,1326
8_30_2_22_35_31,1327
8_30_2_21_31_31,1328
8_30_2_21_21_31,1329
8_30_2_22_22_31,1330
8_30_2_21_11_31,1331
8_30_2_21_42_31,1332
8_30_2_22_36_31,1333
8_30_2_21_32_31,1334
8_30_2_22_25_31,1335
8_30_2_21_9_31,1336
8_30_2_21_41_31,1337
8_30_2_22_10_31,1338
8_30_2_1_10_31,1339
8_30_2_19_10_31,1340
8_30_2_11_10_31,1341
8_30_2_1_11_31,1342
8_30_2_1_21_31,1343
8_30_2_11_9_31,1344
8_30_2_1_12_31,1345
8_30_2_1_9_31,1346
8_30_2_12_18_31,1347
8_30_2_19_8_31,1348
8_30_2_11_12_31,1349
8_30_2_11_11_31,1350
8_30_2_1_8_31,1351
8_30_2_13_5_31,1352
8_30_2_19_9_31,1353
8_30_2_1_22_31,1354
8_30_2_11_5_31,1355
8_30_2_19_19_31,1356
8_30_2_1_35_31,1357
8_30_2_1_36_31,1358
8_30_2_1_45_31,1359
8_30_2_11_4_31,1360
8_30_2_1_44_31,1361
8_30_2_1_34_31,1362
8_30_2_1_23_31,1363
8_30_2_19_18_31,1364
8_30_2_11_8_31,1365
8_30_2_1_24_31,1366
8_30_2_1_33_31,1367
8_30_2_11_6_31,1368
8_30_2_1_25_31,1369
8_30_2_14_15_31,1370
8_30_2_13_17_31,1371
8_30_2_12_13_31,1372
8_30_2_14_18_31,1373
8_30_2_13_15_31,1374
8_30_2_12_14_31,1375
8_30_2_12_5_31,1376
8_30_2_12_6_31,1377
8_30_2_13_20_31,1378
8_30_2_12_10_31,1379
8_30_2_13_19_31,1380
8_30_2_12_11_31,1381
8_30_2_14_11_31,1382
8_30_2_13_18_31,1383
8_30_2_12_9_31,1384
8_30_2_14_20_31,1385
8_30_2_13_10_31,1386
8_30_2_18_9_31,1387
8_30_2_12_16_31,1388
8_30_2_11_13_31,1389
8_30_2_13_6_31,1390
8_30_2_12_17_31,1391
8_30_2_18_17_31,1392
8_30_2_11_14_31,1393
8_30_2_12_15_31,1394
8_30_2_13_14_31,1395
8_30_2_12_4_31,1396
8_30_2_17_8_31,1397
8_30_2_13_11_31,1398
8_30_2_18_8_31,1399
8_30_2_11_15_31,1400
8_30_2_20_19_31,1401
8_30_2_10_4_31,1402
8_30_2_3_21_31,1403
8_30_2_9_3_31,1404
8_30_2_3_38_31,1405
8_30_2_10_3_31,1406
8_30_2_3_29_31,1407
8_30_2_3_30_31,1408
8_30_2_3_9_31,1409
8_30_2_3_10_31,1410
8_30_2_10_6_31,1411
8_30_2_20_11_31,1412
8_30_2_3_19_31,1413
8_30_2_3_20_31,1414
8_30_2_10_5_31,1415
8_30_2_3_11_31,1416
8_30_2_4_8_31,1417
8_30_2_5_9_31,1418
8_30_2_9_4_31,1419
8_30_2_4_27_31,1420
8_30_2_5_8_31,1421
8_30_2_20_29_31,1422
8_30_2_9_2_31,1423
8_30_2_5_17_31,1424
8_30_2_9_1_31,1425
8_30_2_10_2_31,1426
8_30_2_4_10_31,1427
8_30_2_4_9_31,1428
8_30_2_20_20_31,1429
8_30_2_9_5_31,1430
8_30_2_20_21_31,1431
8_30_2_4_18_31,1432
8_30_2_4_19_31,1433
8_30_2_20_8_31,1434
8_30_2_2_9_31,1435
8_30_2_2_31_31,1436
8_30_2_2_10_31,1437
8_30_2_10_8_31,1438
8_30_2_20_10_31,1439
8_30_2_2_41_31,1440
8_30_2_2_12_31,1441
8_30_2_2_33_31,1442
8_30_2_2_11_31,1443
8_30_2_2_21_31,1444
8_30_2_10_10_31,1445
8_30_2_2_20_31,1446
8_30_2_10_9_31,1447
8_30_2_10_11_31,1448
8_30_2_2_23_31,1449
8_30_2_2_22_31,1450
8_30_2_20_9_31,1451
8_30_2_1_46_31,1452
8_30_2_2_42_31,1453
8_30_2_19_27_31,1454
8_30_2_1_54_31,1455
8_30_2_10_7_31,1456
8_30_2_11_3_31,1457
8_30_2_3_8_31,1458
8_30_2_2_32_31,1459
8_30_2_2_50_31,1460
8_30_2_2_8_31,1461
8_30_2_1_55_31,1462
9_30_2_3_51_31,1463
9_30_2_4_23_31,1464
9_30_2_5_12_31,1465
9_30_2_4_26_31,1466
9_30_2_3_50_31,1467
9_30_2_4_24_31,1468
9_30_2_4_25_31,1469
9_30_2_4_10_31,1470
9_30_2_3_63_31,1471
9_30_2_4_9_31,1472
9_30_2_4_8_31,1473
9_30_2_3_64_31,1474
9_30_2_4_11_31,1475
9_30_2_3_52_31,1476
9_30_2_4_22_31,1477
9_30_2_3_53_31,1478
9_30_2_4_12_31,1479
9_30_2_3_62_31,1480
9_30_2_5_33_31,1481
9_30_2_5_34_31,1482
9_30_2_9_5_31,1483
9_30_2_10_2_31,1484
9_30_2_5_22_31,1485
9_30_2_5_23_31,1486
9_30_2_5_24_31,1487
9_30_2_5_54_31,1488
9_30_2_9_2_31,1489
9_30_2_9_3_31,1490
9_30_2_5_45_31,1491
9_30_2_5_35_31,1492
9_30_2_5_44_31,1493
9_30_2_9_4_31,1494
9_30_2_10_3_31,1495
9_30_2_4_47_31,1496
9_30_2_4_48_31,1497
9_30_2_4_49_31,1498
9_30_2_4_38_31,1499
9_30_2_4_35_31,1500
9_30_2_4_36_31,1501
9_30_2_4_37_31,1502
9_30_2_5_10_31,1503
9_30_2_5_11_31,1504
9_30_2_5_21_31,1505
9_30_2_5_9_31,1506
9_30_2_4_58_31,1507
9_30_2_4_59_31,1508
9_30_2_5_8_31,1509
9_30_2_1_71_31,1510
9_30_2_1_72_31,1511
9_30_2_1_73_31,1512
9_30_2_1_70_31,1513
9_30_2_1_58_31,1514
9_30_2_1_59_31,1515
9_30_2_1_60_31,1516
9_30_2_1_74_31,1517
9_30_2_2_12_31,1518
9_30_2_2_24_31,1519
9_30_2_2_25_31,1520
9_30_2_2_11_31,1521
9_30_2_2_8_31,1522
9_30_2_2_9_31,1523
9_30_2_2_10_31,1524
9_30_2_1_57_31,1525
9_30_2_1_25_31,1526
9_30_2_1_26_31,1527
9_30_2_1_27_31,1528
9_30_2_1_12_31,1529
9_30_2_1_9_31,1530
9_30_2_1_10_31,1531
9_30_2_1_11_31,1532
9_30_2_1_28_31,1533
9_30_2_1_44_31,1534
9_30_2_1_45_31,1535
9_30_2_1_56_31,1536
9_30_2_1_43_31,1537
9_30_2_1_29_31,1538
9_30_2_1_41_31,1539
9_30_2_1_42_31,1540
9_30_2_2_26_31,1541
9_30_2_3_12_31,1542
9_30_2_3_23_31,1543
9_30_2_3_24_31,1544
9_30_2_3_11_31,1545
9_30_2_3_8_31,1546
9_30_2_3_9_31,1547
9_30_2_3_10_31,1548
9_30_2_3_25_31,1549
9_30_2_3_39_31,1550
9_30_2_3_40_31,1551
9_30_2_3_41_31,1552
9_30_2_3_38_31,1553
9_30_2_3_26_31,1554
9_30_2_3_27_31,1555
9_30_2_3_37_31,1556
9_30_2_2_69_31,1557
9_30_2_2_41_31,1558
9_30_2_2_42_31,1559
9_30_2_2_43_31,1560
9_30_2_2_40_31,1561
9_30_2_2_27_31,1562
9_30_2_2_28_31,1563
9_30_2_2_39_31,1564
9_30_2_2_53_31,1565
9_30_2_2_66_31,1566
9_30_2_2_67_31,1567
9_30_2_2_68_31,1568
9_30_2_2_57_31,1569
9_30_2_2_54_31,1570
9_30_2_2_55_31,1571
9_30_2_2_56_31,1572
9_30_2_10_4_31,1573
9_30_2_23_11_31,1574
9_30_2_23_10_31,1575
9_30_2_23_9_31,1576
9_30_2_26_72_31,1577
9_30_2_23_12_31,1578
9_30_2_26_73_31,1579
9_30_2_26_74_31,1580
9_30_2_22_35_31,1581
9_30_2_22_34_31,1582
9_30_2_22_54_31,1583
9_30_2_22_45_31,1584
9_30_2_22_44_31,1585
9_30_2_23_22_31,1586
9_30_2_23_36_31,1587
9_30_2_26_60_31,1588
9_30_2_23_35_31,1589
9_30_2_23_38_31,1590
9_30_2_26_59_31,1591
9_30_2_23_37_31,1592
9_30_2_23_24_31,1593
9_30_2_26_71_31,1594
9_30_2_23_23_31,1595
9_30_2_23_26_31,1596
9_30_2_23_25_31,1597
9_30_2_26_70_31,1598
9_30_2_21_11_31,1599
9_30_2_21_10_31,1600
9_30_2_21_9_31,1601
9_30_2_21_22_31,1602
9_30_2_21_21_31,1603
9_30_2_21_20_31,1604
9_30_2_20_19_31,1605
9_30_2_20_10_31,1606
9_30_2_20_9_31,1607
9_30_2_21_8_31,1608
9_30_2_20_29_31,1609
9_30_2_20_20_31,1610
9_30_2_21_31_31,1611
9_30_2_22_22_31,1612
9_30_2_22_21_31,1613
9_30_2_22_12_31,1614
9_30_2_22_33_31,1615
9_30_2_22_24_31,1616
9_30_2_22_23_31,1617
9_30_2_22_8_31,1618
9_30_2_21_41_31,1619
9_30_2_21_32_31,1620
9_30_2_22_11_31,1621
9_30_2_22_10_31,1622
9_30_2_22_9_31,1623
9_30_2_25_66_31,1624
9_30_2_25_67_31,1625
9_30_2_24_62_31,1626
9_30_2_25_11_31,1627
9_30_2_24_64_31,1628
9_30_2_24_63_31,1629
9_30_2_24_51_31,1630
9_30_2_24_50_31,1631
9_30_2_25_69_31,1632
9_30_2_24_53_31,1633
9_30_2_25_68_31,1634
9_30_2_24_52_31,1635
9_30_2_25_57_31,1636
9_30_2_25_42_31,1637
9_30_2_25_41_31,1638
9_30_2_25_55_31,1639
9_30_2_25_53_31,1640
9_30_2_25_43_31,1641
9_30_2_25_54_31,1642
9_30_2_25_27_31,1643
9_30_2_25_26_31,1644
9_30_2_25_12_31,1645
9_30_2_25_40_31,1646
9_30_2_25_28_31,1647
9_30_2_25_56_31,1648
9_30_2_24_10_31,1649
9_30_2_26_45_31,1650
9_30_2_23_59_31,1651
9_30_2_24_24_31,1652
9_30_2_24_12_31,1653
9_30_2_24_11_31,1654
9_30_2_23_48_31,1655
9_30_2_26_58_31,1656
9_30_2_23_47_31,1657
9_30_2_23_58_31,1658
9_30_2_26_57_31,1659
9_30_2_23_49_31,1660
9_30_2_26_44_31,1661
9_30_2_24_39_31,1662
9_30_2_24_38_31,1663
9_30_2_26_28_31,1664
9_30_2_24_41_31,1665
9_30_2_24_40_31,1666
9_30_2_26_12_31,1667
9_30_2_24_26_31,1668
9_30_2_24_25_31,1669
9_30_2_26_43_31,1670
9_30_2_24_37_31,1671
9_30_2_24_27_31,1672
9_30_2_26_29_31,1673
9_30_2_20_8_31,1674
9_30_2_12_25_31,1675
9_30_2_12_24_31,1676
9_30_2_12_23_31,1677
9_30_2_12_30_31,1678
9_30_2_12_29_31,1679
9_30_2_12_28_31,1680
9_30_2_12_22_31,1681
9_30_2_12_15_31,1682
9_30_2_12_14_31,1683
9_30_2_12_13_31,1684
9_30_2_12_21_31,1685
9_30_2_12_17_31,1686
9_30_2_12_16_31,1687
9_30_2_13_16_31,1688
9_30_2_13_15_31,1689
9_30_2_13_14_31,1690
9_30_2_13_22_31,1691
9_30_2_13_18_31,1692
9_30_2_13_17_31,1693
9_30_2_13_9_31,1694
9_30_2_13_5_31,1695
9_30_2_12_32_31,1696
9_30_2_12_31_31,1697
9_30_2_13_8_31,1698
9_30_2_13_7_31,1699
9_30_2_13_6_31,1700
9_30_2_12_8_31,1701
9_30_2_11_5_31,1702
9_30_2_11_4_31,1703
9_30_2_11_3_31,1704
9_30_2_11_12_31,1705
9_30_2_11_7_31,1706
9_30_2_11_6_31,1707
9_30_2_10_15_31,1708
9_30_2_10_11_31,1709
9_30_2_10_6_31,1710
9_30_2_10_5_31,1711
9_30_2_10_14_31,1712
9_30_2_10_13_31,1713
9_30_2_10_12_31,1714
9_30_2_12_4_31,1715
9_30_2_11_24_31,1716
9_30_2_11_23_31,1717
9_30_2_12_7_31,1718
9_30_2_12_6_31,1719
9_30_2_12_5_31,1720
9_30_2_11_22_31,1721
9_30_2_11_15_31,1722
9_30_2_11_14_31,1723
9_30_2_11_13_31,1724
9_30_2_11_21_31,1725
9_30_2_11_20_31,1726
9_30_2_11_16_31,1727
9_30_2_13_23_31,1728
9_30_2_14_25_31,1729
9_30_2_14_24_31,1730
9_30_2_15_37_31,1731
9_30_2_14_31_31,1732
9_30_2_14_30_31,1733
9_30_2_14_26_31,1734
9_30_2_14_17_31,1735
9_30_2_15_39_31,1736
9_30_2_14_16_31,1737
9_30_2_14_23_31,1738
9_30_2_14_18_31,1739
9_30_2_15_38_31,1740
9_30_2_14_39_31,1741
9_30_2_14_38_31,1742
9_30_2_15_31_31,1743
9_30_2_15_26_31,1744
9_30_2_15_25_31,1745
9_30_2_15_24_31,1746
9_30_2_14_32_31,1747
9_30_2_15_32_31,1748
9_30_2_15_33_31,1749
9_30_2_14_37_31,1750
9_30_2_14_36_31,1751
9_30_2_14_33_31,1752
9_30_2_16_32_31,1753
9_30_2_13_31_31,1754
9_30_2_19_8_31,1755
9_30_2_17_39_31,1756
9_30_2_19_18_31,1757
9_30_2_13_32_31,1758
9_30_2_13_30_31,1759
9_30_2_13_25_31,1760
9_30_2_13_24_31,1761
9_30_2_13_26_31,1762
9_30_2_13_29_31,1763
9_30_2_19_9_31,1764
9_30_2_13_35_31,1765
9_30_2_13_38_31,1766
9_30_2_16_33_31,1767
9_30_2_13_39_31,1768
9_30_2_13_33_31,1769
9_30_2_14_15_31,1770
9_30_2_16_38_31,1771
9_30_2_13_36_31,1772
9_30_2_13_37_31,1773
9_30_2_16_39_31,1774
